{
    "loss": 17.294391632080078,
    "accuracy": 0.5467625856399536
}