{
    "loss": 1.6018402576446533,
    "accuracy": 0.8417266011238098
}